Alabama,Alaska,Arizona,Arkansas,California,Colorado,Connecticut,Delaware,Florida,Georgia,Hawaii,Idaho,Illinois,Indiana,Iowa,Kansas,Kentucky,Louisiana,Maine,Maryland,Massachusetts,Michigan,Minnesota,Mississippi,Missouri,Montana,Nebraska,Nevada,New Hampshire,New Jersey,New Mexico,New York,North Carolina,North Dakota,Ohio,Oklahoma,Oregon,Pennsylvania,Rhode Island,South Carolina,South Dakota,Tennessee,Texas,Utah,Vermont,Virginia,Washington,West Virginia,Wisconsin,Wyoming
0.01551865,0.001935776,0.023355755,0.008422746,0.125955202,0.016823032,0.01112468,0.003894012,0.001069793,0.07359858,0.02956987,0.007622481,0.003084597,0.050657931,0.019297863,0.00702353,0.006328082,0.00950169,0.014230906,0.002911567,0.023186052,0.018866951,0.04492464,0.02740616,0.007394547,0.018394446,0.002398299,0.005899666,0.009192232,0.004577815,0.036639986,0.006064377,0.050392562,0.026252348,0.001745276,0.034430523,0.011454935,0.00866815,0.041875814,0.003166121,0.013983838,0.001814322,0.01687128,0.087071646,0.005449621,0.002025618,0.023409827,0.014839007,0.004800757,0.013512165
0.013485997,0.001594332,0.018614648,0.008965517,0.124952944,0.01648836,0.011522144,0.003261028,0.001185548,0.081099973,0.032446302,0.006090947,0.003453487,0.037389423,0.024520834,0.007250321,0.007446629,0.010403571,0.014856306,0.003607454,0.023722514,0.02261241,0.04630567,0.027028962,0.006756856,0.022346816,0.00226255,0.004802241,0.009820035,0.005307253,0.035890551,0.005692172,0.053014026,0.025299909,0.001814505,0.036114573,0.010445912,0.008957818,0.04333564,0.003470423,0.010030201,0.001759077,0.01710115,0.077965199,0.005001628,0.002151693,0.024763333,0.015298962,0.005334967,0.015181177
0.015240499,0.001710139,0.018289861,0.007724723,0.110128313,0.015594587,0.01197588,0.002481419,0.001033516,0.074829617,0.031463329,0.004612256,0.003040247,0.042428832,0.017404291,0.007079652,0.007013042,0.010085542,0.015124807,0.00346375,0.024882906,0.021337821,0.056020895,0.020021035,0.006320993,0.019778432,0.002057215,0.005358996,0.009026083,0.005137428,0.038601879,0.005769177,0.056353246,0.025994952,0.00157201,0.041064367,0.008416772,0.011067172,0.039577198,0.003313,0.009452391,0.001869303,0.017817277,0.089877296,0.00643388,0.002503155,0.028165755,0.015900294,0.005471182,0.019179638
0.013073461,0.002035156,0.017981657,0.008126931,0.11062128,0.01552619,0.01306867,0.003082511,0.00078449,0.072011511,0.030130981,0.004134658,0.003434368,0.04788263,0.021060061,0.006243745,0.006911177,0.010543379,0.014880663,0.004414638,0.025200196,0.022118369,0.053760143,0.023739374,0.00723223,0.020596623,0.00237606,0.004972543,0.006808495,0.005614647,0.041202145,0.006121896,0.058263772,0.025469222,0.001477935,0.041261016,0.00975752,0.010206582,0.039290208,0.003633571,0.012462846,0.002223406,0.016791916,0.078654347,0.005421605,0.002816223,0.024846285,0.016013587,0.005450356,0.018848292
0.0139128,0.002588981,0.018104358,0.008918631,0.131958714,0.01876747,0.011278862,0.003206476,0.001209205,0.073977696,0.029832787,0.00538159,0.003322835,0.046891239,0.017838584,0.005834464,0.007507781,0.009303408,0.015689915,0.003824632,0.024537805,0.023298849,0.045582203,0.018437567,0.006102221,0.017635617,0.002772775,0.004489727,0.008041974,0.00497169,0.038379864,0.006547822,0.053897224,0.02493911,0.001551009,0.038560352,0.011478523,0.010853756,0.040166895,0.003747941,0.011451416,0.00152258,0.016644585,0.08370026,0.006395101,0.002492457,0.024174184,0.015722971,0.005388863,0.015785778
0.012948625,0.002303429,0.017395233,0.007348619,0.117868779,0.016717873,0.011750788,0.002963956,0.001069906,0.079749417,0.029008664,0.006263227,0.003725482,0.040517056,0.022008825,0.007425378,0.006009385,0.010099806,0.013763343,0.002926924,0.024079958,0.024822631,0.054924767,0.016322634,0.007405178,0.017154184,0.002424627,0.004892346,0.008347153,0.005353571,0.04553464,0.006188488,0.060892405,0.024671807,0.001501505,0.0413412,0.006988393,0.010392027,0.040755412,0.003759148,0.012992391,0.001911557,0.018401174,0.074539937,0.007192409,0.002505425,0.023372972,0.015425771,0.005515841,0.017612042
0.013209048,0.001717514,0.017293723,0.007345019,0.128684144,0.016684241,0.012296101,0.003289671,0.000951199,0.074118324,0.030532735,0.005738435,0.003630113,0.040416411,0.020977389,0.008340208,0.007328443,0.010704818,0.013904597,0.004087862,0.022807747,0.021479765,0.046202662,0.015152887,0.006878982,0.020676474,0.002145936,0.005611566,0.008877648,0.005573314,0.038858918,0.005229047,0.05535955,0.025737849,0.001659499,0.046530354,0.007735827,0.009690503,0.041623261,0.003753157,0.013159958,0.002056682,0.016503819,0.079402835,0.005605191,0.002140836,0.026931311,0.015893063,0.005946271,0.017976521
0.016614596,0.001812649,0.01977316,0.008597135,0.1222081,0.014494951,0.010709916,0.002950156,0.001082598,0.077822226,0.030675884,0.00482957,0.003508614,0.045605746,0.022446895,0.007628725,0.007308625,0.00998548,0.015256201,0.003794395,0.025144341,0.024376851,0.045196418,0.022589785,0.007590662,0.021030471,0.002334292,0.005278209,0.008295754,0.004827699,0.035424338,0.00483581,0.052218639,0.026062209,0.001435144,0.03812428,0.010309323,0.009798911,0.043753787,0.003256528,0.009448861,0.001714061,0.0158053,0.08208273,0.00574931,0.002352388,0.026637515,0.012573731,0.005566486,0.01753808
0.012828326,0.002012385,0.020098669,0.008621527,0.114451256,0.01616959,0.012660687,0.00352689,0.001199373,0.077303073,0.028910859,0.00500686,0.003116787,0.054616435,0.016082533,0.008112135,0.008031554,0.010824574,0.013203175,0.003562145,0.02572716,0.021857078,0.044457379,0.020131766,0.005974561,0.018992109,0.002193694,0.005203998,0.008371148,0.005889662,0.038925299,0.005293933,0.05549348,0.025763854,0.001753372,0.03339034,0.013885961,0.009929541,0.04733386,0.003654958,0.011305187,0.002039006,0.018267593,0.082307775,0.00535293,0.002355577,0.024232801,0.017180459,0.005523447,0.015440037
0.014500015,0.002015873,0.024065806,0.006510227,0.114043836,0.01700437,0.012141498,0.004009792,0.001259235,0.089941178,0.030085982,0.004664499,0.002840726,0.044696553,0.018878325,0.007269217,0.006506306,0.009310965,0.012738968,0.004019985,0.024627993,0.02244119,0.049520221,0.018828928,0.007620486,0.015987417,0.002172689,0.004334401,0.009184728,0.005522284,0.038833193,0.00535998,0.0575006,0.023681607,0.001659116,0.040168483,0.005693214,0.010066819,0.049029386,0.003482889,0.010691732,0.002178178,0.016700147,0.075439595,0.005156903,0.002467504,0.023001808,0.015545195,0.005007927,0.019718076
0.012742081,0.002369973,0.021190787,0.007327647,0.119282485,0.019834398,0.01120688,0.003408574,0.001159971,0.093233161,0.030851347,0.005675706,0.003335381,0.045052657,0.020202217,0.006425241,0.006551244,0.007834439,0.013943745,0.003346499,0.02504871,0.021470588,0.04114007,0.020310617,0.008625666,0.017123475,0.002168924,0.004977129,0.009111149,0.005171693,0.040745384,0.006120424,0.053089072,0.026304111,0.001655646,0.03884329,0.011136466,0.008951792,0.039176828,0.003309439,0.010049688,0.001948418,0.017186477,0.079024438,0.008273598,0.001996596,0.024183364,0.014649734,0.004928025,0.016524959
0.015206744,0.001547636,0.017433019,0.0086093,0.127678199,0.016810992,0.011771091,0.00335215,0.000791155,0.094207652,0.030163687,0.005868562,0.00320425,0.038697268,0.015494051,0.008358083,0.007190457,0.009861137,0.015455838,0.003833354,0.023433204,0.020064071,0.049566103,0.017323333,0.008897315,0.012517665,0.002962233,0.003916149,0.008404081,0.004997442,0.035197927,0.005996647,0.050152747,0.023887517,0.001941091,0.036872233,0.00986326,0.009462021,0.045976889,0.003260155,0.011809305,0.002280056,0.017064332,0.09052149,0.006263432,0.002186646,0.021403657,0.016109709,0.005088021,0.015783481
0.01425304,0.002176283,0.024872043,0.006737455,0.129990075,0.015859797,0.010848303,0.003189509,0.001368351,0.090900587,0.028409227,0.005537146,0.00355374,0.043189575,0.016858123,0.007065263,0.006116605,0.009222507,0.014714124,0.003366658,0.027559906,0.020342328,0.049950208,0.020117994,0.006895564,0.018641201,0.002257407,0.005898894,0.011256408,0.00507689,0.034404146,0.006106672,0.050150535,0.025448191,0.001663876,0.036451293,0.010854926,0.008614074,0.044018202,0.003345135,0.008527983,0.001952777,0.017821681,0.076799034,0.005345925,0.002103437,0.023454851,0.01426794,0.004413823,0.016432634
0.014720091,0.001734374,0.019245007,0.007471716,0.13225584,0.015197862,0.011221891,0.003391029,0.000933453,0.080544495,0.031568062,0.008730774,0.003223318,0.036657468,0.022221259,0.00664298,0.006389369,0.009805758,0.01542693,0.003493291,0.023355965,0.022620492,0.046524584,0.017148215,0.007478261,0.022321067,0.002384764,0.004966691,0.010038099,0.005963956,0.035796008,0.006809873,0.054681869,0.027051327,0.001509396,0.035838549,0.007119115,0.010425879,0.049922976,0.003374667,0.011647304,0.001861998,0.01790414,0.071101156,0.005624444,0.002405217,0.024749191,0.016533003,0.004654176,0.015993056
0.012699698,0.00182948,0.01752133,0.006978865,0.126315336,0.013103031,0.012552774,0.002797903,0.001084973,0.081622346,0.029909522,0.006443442,0.002749871,0.040540283,0.017365224,0.007921153,0.006518316,0.010546704,0.014108891,0.003771271,0.025299798,0.022981515,0.048325108,0.016098716,0.006169373,0.017411844,0.001934728,0.005007406,0.009456079,0.006010441,0.040784684,0.006526086,0.05971097,0.0247227,0.001745423,0.04218964,0.009143161,0.009290791,0.043672296,0.003549473,0.012061146,0.002140279,0.017820122,0.075806861,0.00583597,0.002546438,0.026397486,0.016273187,0.005530821,0.017905592
0.013844117,0.002106759,0.019139218,0.008359351,0.112102444,0.014662002,0.012254176,0.003374481,0.001228238,0.073240912,0.031194564,0.007623959,0.003243338,0.049583584,0.017875727,0.007417372,0.007165661,0.010233436,0.014707832,0.003873673,0.028109867,0.022572221,0.047572009,0.023078463,0.00605235,0.017108607,0.002915479,0.004948205,0.008293074,0.005844354,0.041664904,0.005997355,0.056570156,0.024522454,0.00163436,0.038224851,0.008951612,0.009325301,0.041119177,0.003913158,0.011593522,0.002167396,0.016926698,0.083587865,0.005589822,0.00278222,0.026416281,0.016238546,0.005300037,0.016388727
0.014139745,0.00254049,0.017171833,0.008761487,0.111937714,0.019503002,0.011463571,0.003692097,0.001284564,0.074890601,0.030265654,0.003512095,0.00318959,0.042126048,0.019813234,0.00695328,0.006530547,0.010146961,0.015028848,0.003869373,0.025106263,0.026915152,0.046651339,0.014634752,0.006521001,0.019504366,0.003243455,0.005066662,0.008216707,0.00556576,0.043350611,0.006566002,0.056944211,0.027654253,0.001613886,0.039287599,0.010095824,0.010986973,0.048026586,0.0038646,0.010115597,0.002192076,0.01775275,0.073207168,0.006275543,0.002719811,0.02880586,0.018686854,0.005553487,0.015989543
0.011779472,0.002621449,0.017342089,0.007664923,0.126045041,0.014690405,0.012165452,0.002541679,0.001049866,0.07552667,0.028754879,0.006458092,0.003320073,0.044173501,0.018409324,0.008004585,0.007732469,0.009952499,0.013722882,0.004689016,0.025600778,0.024373361,0.046344639,0.015343998,0.006182759,0.015107907,0.003285978,0.00460989,0.008927721,0.005422378,0.03918535,0.005953744,0.057549,0.026179105,0.001515615,0.042538875,0.009707401,0.010827387,0.043121705,0.004137707,0.012208553,0.002039262,0.015800098,0.079091197,0.007168938,0.002470916,0.027353771,0.016950319,0.005548465,0.01712787
0.015856293,0.00250016,0.021773803,0.007870947,0.118234471,0.015725931,0.012019256,0.003337537,0.00211905,0.072345667,0.029078739,0.006462238,0.003368797,0.039738504,0.020512084,0.007795789,0.007420665,0.00962751,0.014655099,0.003758553,0.026666374,0.026187493,0.048619092,0.015012265,0.008384414,0.018663735,0.002257393,0.005306271,0.009917499,0.0056794,0.038732853,0.006910524,0.056053725,0.026748848,0.001575653,0.035302201,0.010107057,0.010879918,0.046823287,0.003697363,0.011898871,0.002263379,0.016396365,0.075975189,0.005662107,0.00265114,0.027493109,0.016290612,0.005759213,0.016844651
0.01587681,0.001699136,0.021229633,0.009266708,0.100785099,0.014413286,0.012977762,0.003024707,0.004426084,0.078607556,0.031455861,0.005003845,0.003217294,0.042281021,0.018060144,0.008397335,0.007303278,0.010657841,0.01520139,0.004546963,0.025448789,0.024720783,0.042522779,0.020887484,0.006048048,0.017746679,0.002659338,0.005260627,0.009208659,0.006110878,0.03945573,0.006769225,0.05831832,0.027932614,0.00170255,0.041811847,0.009938031,0.008947096,0.043896156,0.003978081,0.012218342,0.001977772,0.015634369,0.076560808,0.005880047,0.00295778,0.029890581,0.017351261,0.006162781,0.017736435
0.013728297,0.001906931,0.022617724,0.008176668,0.114718738,0.014057931,0.011933027,0.003303697,0.000928726,0.08409819,0.030105035,0.006020338,0.002980749,0.052384432,0.019410978,0.007333526,0.007096832,0.009876992,0.013597914,0.003295674,0.022321521,0.022057413,0.044007844,0.016066494,0.0075515,0.022946021,0.001880186,0.004465775,0.008762387,0.005603782,0.037913957,0.005454009,0.05403461,0.025651295,0.001721052,0.036003014,0.009743935,0.009895045,0.043782516,0.003555771,0.014187645,0.002089467,0.015948815,0.08793211,0.005028092,0.002489976,0.024576808,0.013777776,0.005107659,0.01664419
0.013349249,0.002178848,0.025263683,0.008007876,0.123066881,0.015436804,0.013070046,0.005023371,0.001288746,0.0898326,0.028134072,0.003631921,0.003219583,0.044710511,0.018069833,0.007013548,0.006821073,0.009181745,0.013041136,0.003866238,0.025985655,0.022796503,0.046091311,0.015924458,0.006767819,0.016294954,0.002747144,0.004988375,0.010216394,0.005688285,0.037796625,0.005887607,0.053235711,0.027304832,0.001644026,0.037254195,0.009199243,0.009367373,0.042495907,0.003474441,0.013343923,0.001869975,0.016376356,0.074263422,0.005906626,0.00236828,0.028754101,0.014672229,0.005078907,0.016199858
0.013443072,0.001677338,0.020368392,0.00781273,0.120385956,0.022153295,0.012474989,0.003712664,0.000964721,0.089639246,0.02913828,0.007978279,0.003362239,0.044734328,0.017487674,0.007393395,0.006772377,0.009588388,0.012907769,0.003888297,0.027302957,0.022220523,0.047141089,0.015702772,0.006621954,0.016096055,0.002769792,0.004806799,0.011641362,0.005469835,0.042117479,0.006194217,0.053909264,0.025948313,0.001642043,0.039673743,0.009517799,0.009899318,0.042723371,0.003602579,0.011501864,0.002400879,0.015884287,0.06462204,0.007266503,0.002234489,0.027186989,0.015856556,0.004755538,0.016033869
0.013937522,0.001316118,0.020347464,0.007427242,0.128770839,0.01616401,0.011808443,0.004472751,0.001093469,0.091706405,0.029414544,0.008662064,0.003361704,0.036353276,0.017774552,0.007696032,0.006699239,0.009629561,0.01494823,0.003741086,0.023840267,0.021888428,0.045141312,0.014942371,0.007508538,0.016434265,0.002932519,0.005033035,0.010729622,0.004809654,0.035876486,0.006086222,0.046766502,0.027207098,0.001807557,0.035757105,0.010628551,0.009538011,0.04200299,0.003275281,0.010465959,0.002297531,0.017265536,0.089167916,0.007324706,0.002268967,0.028320342,0.014198988,0.004615568,0.015102766
0.014150122,0.002480267,0.03014797,0.009033144,0.134721708,0.019266254,0.009216648,0.004355054,0.001247321,0.095725789,0.031983013,0.008173972,0.003067142,0.040314274,0.01555135,0.006098768,0.005977841,0.008940123,0.014199169,0.002898014,0.02338622,0.021207847,0.035132182,0.018938145,0.007247149,0.018394397,0.002186829,0.004216369,0.011727358,0.004867513,0.033818901,0.006278044,0.046484076,0.027080828,0.001367403,0.033662457,0.009894853,0.010476654,0.040985714,0.003144096,0.013680791,0.001857029,0.018664157,0.076762275,0.006263668,0.002155541,0.028301089,0.013789033,0.004607056,0.013803409
0.012972424,0.00154049,0.021016192,0.007724444,0.134415494,0.01345634,0.010690892,0.00354745,0.001489671,0.09066665,0.028896885,0.007014499,0.00280944,0.041716095,0.020831121,0.007004639,0.00599054,0.009844419,0.013910674,0.003852362,0.025491273,0.023835493,0.0387231,0.020558824,0.00611114,0.020211436,0.002397581,0.0048968,0.011147502,0.005422432,0.037807605,0.00593517,0.052512416,0.026117026,0.001610271,0.034563551,0.010472447,0.00944773,0.045984867,0.003766653,0.009782223,0.002047918,0.017785791,0.07049238,0.005772854,0.002338419,0.028379596,0.015212999,0.00514255,0.014748045
0.01432735,0.001662423,0.020143469,0.007998261,0.11071416,0.013313562,0.011780055,0.002315109,0.000625012,0.0797835,0.031886402,0.007084367,0.003645452,0.043366775,0.016512191,0.0081832,0.007556163,0.01005891,0.015036731,0.003989681,0.025425696,0.022820356,0.044726817,0.016004622,0.006256193,0.018943393,0.002498022,0.005567735,0.009807151,0.006131325,0.041064491,0.006292641,0.05892525,0.0290428,0.001907433,0.040965947,0.010937707,0.009478446,0.046029488,0.003775719,0.01317992,0.002236813,0.017276919,0.070554789,0.005627806,0.002958344,0.029580068,0.017187825,0.005397645,0.017834435
0.014028279,0.002697161,0.019076386,0.009199925,0.138307084,0.016193333,0.015364766,0.004354295,0.001326813,0.071637515,0.030071655,0.005481395,0.003674994,0.043917497,0.01848554,0.007171007,0.006551137,0.009899266,0.013931532,0.004195354,0.023414787,0.022924834,0.040576279,0.016275568,0.007310599,0.018244364,0.003140123,0.005108229,0.007898681,0.005380502,0.038703538,0.006510365,0.053261851,0.026447798,0.00181262,0.037921272,0.010790027,0.010158409,0.0406364,0.003787635,0.012320699,0.002003349,0.016578247,0.075267591,0.005989315,0.002931427,0.02927073,0.017869125,0.004841484,0.015889272
0.013828434,0.002558505,0.01860926,0.007379074,0.112482336,0.015636391,0.011550733,0.002398883,0.001523245,0.080012066,0.029113658,0.006786845,0.003718204,0.038756751,0.017129667,0.007611013,0.006719088,0.009457411,0.014880632,0.003585294,0.027346094,0.024993469,0.042114666,0.021026386,0.005854526,0.019297261,0.003881083,0.004948918,0.009917381,0.005608904,0.040145132,0.006268238,0.053905156,0.028499929,0.00166723,0.037696733,0.01075458,0.011335081,0.043111486,0.003841992,0.012155991,0.002159125,0.0189487,0.07568274,0.008633894,0.002663399,0.029967796,0.019330489,0.005300737,0.017411122
0.013522124,0.002168992,0.020563078,0.007514717,0.132878229,0.015478055,0.013368614,0.003206509,0.00089724,0.082008812,0.028226674,0.005958442,0.003680273,0.043927054,0.01792363,0.007382381,0.006913911,0.009139146,0.013438752,0.004101102,0.023125109,0.024224162,0.039601641,0.015943879,0.00791702,0.018482751,0.003509559,0.004980477,0.010552497,0.005196185,0.038896289,0.006078868,0.058822829,0.025614355,0.001555613,0.038100286,0.010135638,0.009082903,0.045873059,0.004021039,0.01279229,0.001962548,0.014903715,0.069857692,0.007116385,0.002563354,0.026859639,0.016858984,0.005719575,0.015831393
0.014042105,0.002208152,0.020143698,0.009074587,0.122810557,0.015195302,0.011661204,0.005123782,0.001060229,0.077972351,0.030345109,0.006117418,0.003242007,0.04089861,0.020400843,0.007883807,0.007962929,0.010159212,0.014716616,0.004012124,0.021989209,0.022324157,0.041419494,0.015019256,0.007427539,0.018434672,0.002576727,0.00525763,0.010962956,0.005534555,0.037847154,0.005982252,0.056367541,0.02695277,0.001530343,0.04049575,0.010269323,0.011488455,0.046506353,0.00370355,0.010623392,0.001923314,0.017752248,0.073556707,0.006204452,0.002520682,0.030286427,0.016835756,0.005626205,0.016121684
0.01478313,0.001677353,0.021957336,0.007926076,0.110442175,0.013972477,0.012286238,0.00282498,0.000965811,0.080066629,0.03052797,0.005802385,0.003506448,0.039219586,0.017681247,0.008533724,0.00706621,0.00998825,0.014888392,0.004223458,0.025547173,0.024432355,0.044257115,0.015161799,0.005342378,0.016437927,0.0025878,0.005101096,0.009765423,0.006148929,0.041022024,0.005760691,0.058490696,0.028489719,0.001829094,0.037596231,0.010144092,0.008811232,0.046884559,0.004158524,0.013983414,0.002283634,0.017794711,0.08392919,0.005301367,0.002722453,0.027200604,0.015923238,0.005835878,0.017240378
0.013127386,0.0017169,0.023609056,0.008234018,0.136452704,0.013715769,0.013030215,0.003231418,0.001061503,0.074149726,0.028321485,0.005330299,0.00333395,0.045567556,0.018799456,0.007675121,0.007707958,0.009774672,0.014154711,0.004093219,0.022126705,0.022667508,0.046943354,0.016474068,0.00824206,0.020441971,0.00262159,0.004969093,0.010697456,0.005733053,0.034316564,0.005757849,0.05287745,0.02691553,0.002025835,0.037801965,0.011198051,0.0086676,0.040056319,0.003295752,0.011492242,0.00237967,0.017468557,0.074297156,0.005393962,0.002596125,0.029706666,0.015225596,0.005030076,0.017831773
0.014291459,0.002571839,0.026962881,0.007289032,0.124587103,0.016370673,0.015626414,0.004671579,0.000965485,0.105186175,0.029347705,0.00707845,0.003096394,0.036361535,0.016252838,0.007013071,0.006511322,0.008881702,0.013877897,0.002752013,0.022542936,0.020760209,0.040294937,0.017280662,0.007541427,0.016268043,0.002416754,0.004772689,0.010966998,0.005190052,0.037709413,0.006112205,0.051711227,0.025630207,0.001496882,0.035348916,0.010342854,0.01046677,0.039502783,0.00328417,0.012590077,0.001721148,0.016881544,0.076962082,0.006816933,0.002397748,0.026326573,0.015748049,0.004680702,0.01497034
0.012865696,0.002025503,0.022852751,0.006393343,0.130124611,0.021174409,0.015408349,0.002821978,0.001090164,0.098602419,0.026131225,0.006578496,0.003481982,0.041907484,0.015915124,0.007095646,0.007349432,0.008401289,0.014587134,0.003374242,0.024443306,0.021104977,0.043749431,0.016996509,0.006718956,0.017379583,0.00266396,0.004472388,0.013085963,0.005197036,0.039078324,0.005910511,0.05270937,0.025003551,0.001541872,0.035562823,0.009731673,0.010390081,0.045486831,0.003198667,0.012958272,0.002243376,0.015278263,0.065975697,0.006904109,0.002375058,0.026230186,0.016923885,0.004597685,0.012257566
0.014089356,0.002061315,0.017447138,0.00786839,0.126077859,0.016801496,0.013002427,0.003570281,0.000983271,0.100326967,0.026842263,0.007224229,0.003851639,0.037081462,0.016902933,0.007698094,0.006799231,0.008848699,0.015495404,0.003434785,0.024626202,0.020691636,0.048368348,0.012120593,0.006295748,0.014104165,0.003315578,0.005379855,0.00852884,0.004863786,0.037271008,0.006785163,0.04849792,0.029920909,0.002001342,0.035163787,0.013491841,0.01058053,0.043531957,0.003371109,0.011324647,0.002574423,0.017809941,0.080185459,0.007495221,0.002264189,0.026386168,0.017761814,0.004893402,0.012244242
0.01406204,0.001687773,0.034757134,0.007442922,0.143919715,0.016218684,0.011179957,0.00305832,0.00108365,0.102927085,0.031920134,0.010070077,0.003329642,0.034053827,0.015964576,0.006519934,0.005705147,0.009299554,0.014243195,0.002686173,0.022386145,0.017929409,0.032285723,0.016521155,0.00608713,0.017566279,0.002142709,0.004206726,0.012166062,0.005620718,0.036196536,0.00625189,0.043163209,0.025519877,0.001408253,0.030887306,0.012582473,0.008743794,0.041866436,0.002700108,0.013670221,0.001745972,0.016976911,0.079517128,0.006333861,0.001768104,0.027039611,0.014991586,0.004337879,0.015936706
0.014187437,0.00171986,0.023647073,0.008468557,0.132631023,0.015083281,0.011942982,0.003011975,0.001057258,0.094698859,0.026890676,0.007866485,0.003237147,0.042076455,0.019872419,0.007376595,0.006423449,0.009773585,0.013853311,0.004107166,0.023783467,0.025961742,0.035415728,0.013369877,0.00588917,0.017599717,0.002534998,0.004537333,0.012295671,0.004619653,0.036019415,0.006268492,0.052697461,0.026567042,0.001492267,0.033938795,0.017174393,0.009557291,0.04238879,0.003615662,0.010849406,0.001978122,0.017006523,0.07453751,0.006006195,0.002272702,0.028018149,0.016467402,0.004567194,0.013084176
0.014887797,0.001616488,0.020528536,0.009578475,0.132500799,0.014137784,0.012301017,0.00338471,0.001021535,0.079191955,0.033073125,0.006630996,0.003131821,0.037706969,0.018924693,0.008396555,0.007581989,0.009784779,0.014974312,0.003752729,0.024331843,0.022883059,0.045259011,0.012881329,0.006508545,0.016084358,0.002902891,0.005061092,0.011651493,0.006353485,0.032707102,0.005998775,0.052452351,0.027980754,0.001796838,0.039891125,0.016901587,0.009573151,0.040579247,0.003469893,0.010779029,0.002331896,0.01758505,0.071504153,0.005795799,0.002459671,0.02872744,0.017398712,0.005264069,0.018132753
0.014631316,0.002756656,0.020812714,0.007929193,0.121734929,0.013605452,0.011963928,0.003375858,0.001012403,0.074956801,0.030665402,0.008260048,0.003456624,0.040935378,0.015995829,0.00712508,0.006622066,0.009237028,0.01434226,0.003573521,0.023010387,0.024259419,0.041339915,0.014311088,0.006304672,0.018479723,0.002729734,0.004265696,0.00918956,0.005604704,0.043715413,0.006876407,0.054256025,0.026904136,0.001460156,0.034362197,0.017080496,0.00985623,0.04255494,0.002988325,0.014539923,0.002165792,0.017493533,0.089010006,0.006844526,0.002664554,0.026864462,0.016198451,0.005086104,0.015166919
0.014315135,0.002767923,0.020558766,0.00765233,0.117084913,0.015827597,0.013074105,0.003584281,0.001063053,0.079097443,0.031130196,0.008801966,0.003821355,0.042552343,0.017835509,0.007358221,0.006969283,0.009510439,0.015154857,0.004074234,0.024599328,0.024194585,0.042645799,0.01284459,0.005474687,0.017210184,0.003512128,0.004676882,0.010305495,0.005758488,0.038505597,0.006389998,0.056624907,0.026765977,0.0015372,0.036416598,0.021058339,0.011890798,0.04382086,0.004235032,0.011686708,0.002283467,0.016656325,0.070029541,0.007567808,0.00258651,0.028037929,0.019005761,0.005195696,0.014601685
0.014258305,0.00209146,0.021112806,0.008574321,0.123118759,0.015143595,0.011921502,0.003565936,0.000998897,0.076549484,0.029507652,0.00496971,0.003863248,0.038397414,0.018209176,0.008220205,0.008048585,0.010500204,0.014966537,0.002199024,0.023882888,0.023760821,0.044093484,0.014220235,0.006383757,0.016732283,0.004040911,0.00496548,0.00953696,0.005283942,0.037585847,0.006932455,0.058213406,0.026429381,0.001580228,0.040212107,0.015674769,0.010808394,0.044160561,0.004294714,0.011286994,0.002376082,0.015427613,0.070480564,0.008238938,0.002621425,0.028250117,0.022064569,0.005656792,0.01676854
0.014982518,0.002274683,0.021353057,0.007422401,0.119086684,0.014290378,0.012386103,0.0036649,0.000807893,0.078665939,0.030218505,0.005007034,0.00398129,0.035986537,0.018031853,0.009405033,0.007393908,0.010843924,0.014441747,0.004466856,0.023338656,0.024282483,0.036437675,0.015871734,0.006589578,0.01403691,0.002969792,0.005023061,0.011745606,0.00472448,0.037738851,0.006556929,0.052643607,0.029792892,0.001732725,0.039456735,0.014605581,0.010306714,0.045243169,0.003853072,0.0119967,0.002411806,0.016874328,0.087169289,0.008274814,0.002685456,0.02934591,0.013766228,0.006149125,0.017800348
0.013832069,0.001879088,0.026796378,0.007466802,0.133991416,0.012188026,0.013901947,0.004156481,0.000991635,0.081498925,0.029217974,0.004953093,0.003603173,0.033965879,0.0147894,0.006456109,0.007077389,0.009602533,0.011074422,0.004510954,0.024751488,0.022840002,0.037464235,0.01647537,0.006159444,0.022359748,0.00239301,0.004843193,0.007889247,0.005874214,0.036581864,0.005829746,0.05584982,0.027201671,0.001540496,0.035703305,0.016949271,0.009375746,0.044907532,0.003803914,0.014190353,0.001963577,0.018320789,0.076571243,0.006293483,0.002459077,0.029960589,0.016745989,0.005114448,0.016001469
0.013505727,0.002233053,0.029261924,0.00874425,0.126715793,0.018092303,0.012141365,0.0031315,0.001392665,0.093923221,0.028420084,0.006363875,0.003541534,0.051549639,0.015255448,0.006762298,0.007843627,0.008278336,0.015875216,0.004127919,0.022734761,0.020096754,0.035442917,0.017678641,0.006311623,0.018862297,0.002624219,0.004151868,0.014906374,0.006522083,0.03444432,0.006464751,0.048821642,0.024609306,0.00155813,0.03389277,0.016833898,0.010716769,0.039387228,0.003172866,0.014145815,0.002055977,0.015576943,0.069448174,0.005602591,0.002140886,0.026029549,0.016447812,0.004646812,0.01576926
0.013633787,0.001789866,0.029848311,0.008205913,0.142574094,0.015093985,0.011818945,0.002468351,0.001193799,0.082757593,0.027395778,0.006934692,0.003050265,0.048856692,0.015039872,0.005894072,0.006375254,0.008502281,0.022116921,0.003407406,0.024721801,0.019016706,0.041286806,0.015416161,0.010760011,0.021203673,0.002238582,0.003896914,0.010237203,0.005901564,0.036191098,0.005530271,0.046275122,0.024367157,0.001375283,0.032969338,0.014780966,0.009119993,0.038344765,0.003213434,0.013167589,0.001725764,0.015692549,0.076782769,0.005629338,0.001936386,0.024104089,0.017099467,0.004861777,0.013629624
0.014088377,0.0015006,0.024191006,0.00697638,0.13635467,0.018429901,0.012001275,0.003546312,0.001106956,0.100824625,0.030628438,0.008250657,0.003781441,0.03759513,0.015560796,0.006492031,0.006248976,0.008063962,0.022603223,0.002831237,0.024301085,0.020546944,0.040416681,0.015234081,0.00690681,0.016597302,0.002552076,0.004101991,0.012371141,0.005576172,0.040099653,0.005864139,0.049033681,0.025775266,0.001413417,0.031796158,0.016839476,0.010664473,0.035784548,0.00355776,0.010946276,0.001741893,0.013427902,0.073586627,0.008050753,0.001994635,0.023894232,0.017862773,0.004151307,0.01249443
0.014548206,0.001645173,0.02326931,0.007678497,0.119414576,0.015967225,0.012179341,0.003361642,0.000968245,0.106949285,0.033081319,0.009401865,0.003931243,0.03733071,0.012399362,0.007236155,0.006164416,0.008833798,0.022439824,0.002557455,0.023899474,0.019776575,0.043495127,0.020573097,0.006056322,0.012088113,0.00315772,0.004441047,0.010531101,0.003455937,0.037013329,0.006415102,0.046339298,0.027273382,0.001619108,0.033074419,0.017305749,0.009940035,0.040562027,0.003258915,0.010427607,0.002227807,0.013569228,0.081221415,0.008542481,0.00211588,0.024752726,0.018123736,0.00445178,0.013198183
0.013233053,0.00159891,0.029992544,0.007138904,0.138346403,0.015865868,0.009944554,0.00347141,0.001154811,0.109422641,0.030122751,0.009998031,0.003496986,0.034260696,0.015135779,0.006218931,0.006277834,0.008960251,0.018003432,0.003862805,0.020517666,0.017953054,0.042914031,0.014414216,0.013121447,0.014952095,0.001960079,0.004104618,0.01270215,0.009639962,0.032498252,0.006097249,0.045514294,0.025975506,0.001249366,0.030136702,0.016594407,0.009652363,0.036295179,0.002762247,0.013239254,0.001876375,0.01599995,0.072195862,0.007102477,0.001812046,0.026778448,0.015625606,0.004121669,0.014256108
0.01277102,0.001468038,0.025107544,0.00828122,0.14145865,0.013609682,0.010844979,0.003068776,0.000978186,0.094167506,0.030642259,0.00826378,0.003479007,0.039084236,0.015653258,0.006763894,0.006801808,0.009121399,0.017651336,0.003017971,0.022296585,0.022045593,0.037713258,0.01405252,0.012465432,0.017862139,0.002371913,0.00448525,0.012506379,0.005840304,0.034693012,0.005956321,0.048941928,0.025107544,0.00150671,0.033071801,0.017462524,0.009815229,0.039396649,0.003328867,0.011366678,0.001840355,0.016401684,0.074719795,0.006390818,0.002026893,0.028418212,0.016541209,0.004451127,0.013262388
0.014520515,0.001926259,0.023456217,0.007731121,0.112654051,0.013838967,0.010844571,0.003211101,0.001139703,0.083712008,0.032087597,0.005285842,0.003771588,0.038970629,0.018332903,0.007596684,0.006673016,0.009278817,0.01819646,0.003278653,0.022675012,0.020972145,0.044041773,0.016972483,0.008330402,0.015258915,0.002658639,0.004563495,0.010686056,0.005945987,0.037604189,0.006773342,0.054885675,0.027776254,0.001864057,0.035711371,0.017728941,0.010943559,0.042357634,0.003427136,0.013406897,0.00234094,0.014170712,0.084628988,0.0063192,0.002501461,0.028112012,0.017571763,0.004942058,0.016533055
0.013051286,0.002321721,0.022310895,0.008540015,0.132388421,0.015139436,0.011345661,0.003064391,0.001009809,0.07769442,0.029233399,0.005580521,0.00358538,0.042690986,0.020973808,0.007112017,0.007382652,0.008956107,0.017768855,0.003706361,0.022752861,0.019731128,0.038467133,0.01555343,0.008079867,0.020083582,0.002680468,0.004506376,0.012138682,0.005168625,0.036124433,0.007143487,0.047882689,0.025519345,0.001522405,0.032459331,0.020405965,0.010490401,0.039912614,0.003176282,0.012168053,0.002041995,0.017880745,0.083837888,0.007632307,0.00247487,0.025964108,0.019622035,0.004931558,0.01399466
0.015486248,0.002362286,0.023428291,0.007810322,0.123545636,0.017555672,0.012028738,0.003042288,0.001321222,0.074922522,0.029830468,0.007328236,0.003914187,0.040365476,0.017041492,0.006824754,0.00688092,0.009281318,0.018274454,0.003272967,0.025026327,0.022615899,0.039465493,0.019151035,0.006846819,0.020226199,0.003910844,0.004405634,0.010533671,0.005564378,0.039642013,0.006610791,0.053107647,0.02577921,0.001466316,0.034843222,0.019446571,0.011001715,0.041867229,0.003781129,0.012993578,0.001933023,0.015440112,0.066602032,0.008259644,0.002450546,0.02943263,0.021588208,0.005180582,0.014602981
0.013842598,0.002572197,0.024891432,0.007486968,0.124623671,0.016588021,0.011341571,0.003579994,0.001092395,0.076420651,0.029765246,0.006100492,0.004250068,0.043242594,0.017845585,0.007860947,0.006690668,0.009174909,0.016566536,0.003233543,0.022252764,0.022092967,0.046112229,0.014930965,0.007139174,0.018267235,0.00354978,0.004101013,0.012775717,0.005292107,0.037162244,0.006244175,0.055166283,0.027659012,0.001475103,0.036052392,0.018075209,0.010617784,0.039083167,0.003690106,0.012523265,0.002115634,0.014465673,0.074653482,0.008225526,0.002631282,0.026458519,0.017099641,0.005100081,0.016178457
0.015000653,0.001800531,0.024136585,0.008882045,0.121528546,0.013429353,0.011505543,0.003126608,0.000909595,0.079116767,0.028764524,0.005774762,0.004004217,0.043144786,0.01753819,0.008177692,0.008020428,0.00993291,0.016747875,0.00380164,0.022968438,0.021639696,0.041036392,0.014422244,0.007160811,0.019682568,0.003111281,0.004718565,0.010624602,0.006227227,0.037044836,0.006659035,0.053348909,0.027778962,0.001551976,0.035864029,0.016308071,0.009960897,0.041601473,0.003363169,0.012439793,0.002121055,0.017331615,0.077106995,0.008007767,0.002492223,0.02931961,0.017357603,0.005796085,0.015691012
0.015064572,0.001821813,0.025307988,0.007657373,0.119088189,0.015057718,0.012035756,0.002965073,0.001272802,0.077093269,0.031507499,0.004249527,0.003947262,0.037608312,0.016091998,0.007687531,0.007100822,0.009626549,0.017471724,0.003555894,0.023432027,0.022372387,0.04472901,0.014165318,0.005785525,0.017303113,0.002527098,0.004303674,0.013203691,0.006017878,0.03914431,0.006551811,0.056929265,0.029112685,0.001562044,0.037357452,0.01602003,0.011340068,0.039816695,0.003651851,0.014059765,0.00196712,0.016135864,0.081161163,0.005963731,0.00256411,0.026222322,0.017259933,0.005531239,0.015830172
0.014214378,0.00210176,0.026998846,0.007678707,0.1337739,0.013847982,0.011603528,0.00316899,0.001153441,0.086939137,0.031078995,0.005715182,0.003975359,0.041822645,0.015207289,0.006471756,0.006353588,0.008996395,0.017008797,0.003670648,0.022548585,0.019291154,0.035498042,0.015515715,0.00648662,0.016385255,0.002428023,0.003869825,0.011463064,0.005270007,0.034270281,0.006324603,0.046958134,0.026782576,0.001445517,0.030772798,0.021800186,0.009556022,0.038719799,0.003066429,0.013222954,0.002047507,0.018032179,0.095283749,0.007347242,0.002199119,0.02583277,0.015791441,0.004608562,0.013485302
0.013541156,0.001586215,0.027127679,0.006370784,0.114803728,0.01390328,0.012415089,0.003696578,0.001241104,0.092980715,0.02956614,0.006533618,0.003804324,0.040305091,0.017016571,0.006554681,0.006246835,0.009208634,0.016620422,0.004042499,0.0235591,0.020534112,0.046048032,0.01680594,0.008294819,0.016967154,0.002686358,0.004307408,0.010177538,0.005682182,0.037569316,0.006297873,0.052304589,0.02551392,0.001523836,0.034783313,0.026028346,0.009944223,0.039085861,0.003208075,0.01356465,0.001810618,0.017693831,0.073178951,0.006980804,0.002315323,0.027102565,0.017462947,0.004902036,0.01417467
0.013455669,0.001581346,0.025226241,0.007873265,0.125439263,0.018131099,0.011717861,0.003210384,0.001109453,0.086162465,0.02746439,0.007447389,0.003689808,0.036056373,0.015332367,0.006828237,0.007326905,0.008838806,0.016485328,0.003063963,0.02108964,0.02031068,0.041075684,0.026093053,0.00748253,0.014673055,0.002591233,0.004154172,0.012652445,0.005058635,0.036884697,0.006141314,0.05171756,0.025913165,0.001538675,0.032328077,0.029326028,0.010487925,0.037726409,0.003223771,0.011923687,0.002016426,0.018198035,0.082362214,0.007526875,0.002137746,0.0233805,0.015928928,0.00418011,0.013669862
0.013780825,0.001944022,0.026647572,0.007157365,0.125604146,0.015677894,0.011906475,0.003118615,0.001122338,0.093564506,0.032616713,0.006418228,0.003783536,0.041838514,0.015112938,0.007314129,0.006998329,0.009412643,0.016302677,0.003468494,0.022780732,0.019111551,0.045566008,0.013495318,0.005167904,0.014805469,0.00314815,0.004249283,0.010069234,0.004736993,0.036666066,0.005913857,0.045301706,0.027350359,0.001582027,0.032868899,0.027642682,0.00930359,0.042479958,0.003079235,0.011183241,0.001980373,0.017120575,0.077445856,0.00889767,0.001939479,0.024936045,0.018280778,0.004525702,0.012632738
0.013870208,0.001781916,0.029357758,0.007516127,0.129659673,0.017641221,0.01172155,0.002805286,0.001243916,0.09678403,0.025269292,0.007934665,0.003411789,0.035330895,0.013670547,0.00586704,0.005615584,0.009109242,0.016058131,0.003601426,0.021980308,0.018908528,0.03838346,0.016343839,0.009694025,0.017385587,0.002466112,0.003955637,0.013723177,0.004463562,0.034677609,0.006723329,0.047687352,0.027959292,0.001309913,0.029274218,0.018823317,0.010147649,0.041543793,0.003085981,0.013127534,0.001736804,0.016854271,0.089033154,0.007566252,0.001866292,0.027671914,0.016679671,0.004360808,0.012606242
0.013109947,0.001572421,0.023262648,0.008562568,0.128684883,0.016808719,0.010709852,0.003140816,0.001042645,0.081197455,0.030338944,0.005557014,0.003711654,0.036623796,0.014866743,0.006288073,0.006780008,0.009735643,0.016202455,0.003210862,0.023216756,0.021786843,0.038214735,0.012969854,0.008953056,0.017834455,0.00270524,0.004482969,0.013360343,0.005254285,0.035598864,0.00707227,0.05054129,0.029866332,0.001519282,0.033255128,0.028951703,0.009308119,0.04092078,0.003339683,0.0113137,0.001930704,0.018534919,0.081959914,0.007081127,0.002003971,0.030351826,0.016737867,0.004656877,0.013110752
0.01292417,0.001816374,0.02288931,0.007192457,0.121240376,0.013948739,0.010696877,0.003342646,0.000964501,0.073611252,0.029801223,0.004638886,0.003387697,0.042339047,0.01800674,0.007358327,0.006771981,0.010606093,0.016677736,0.003101009,0.023077023,0.019984205,0.041924714,0.01627569,0.006081882,0.017739847,0.002580192,0.00480339,0.009697565,0.005060044,0.036554774,0.0065556,0.050660509,0.027249699,0.00188122,0.036574569,0.022117983,0.010400633,0.041689903,0.00310647,0.012815638,0.001989752,0.017451794,0.096001589,0.007285972,0.002343334,0.026914547,0.017758277,0.005046392,0.01546136
0.014077992,0.002581179,0.022541063,0.008268911,0.108059761,0.014555539,0.012331984,0.003419206,0.001182803,0.070244341,0.030343134,0.005233027,0.003958855,0.042642283,0.017765595,0.007565797,0.007868457,0.009672998,0.015983896,0.003521996,0.023051445,0.021465333,0.042201855,0.017582857,0.00638228,0.019417379,0.003543411,0.00496463,0.009732959,0.005417193,0.039350851,0.006984746,0.057070047,0.027918996,0.001813821,0.034711009,0.020523802,0.010148404,0.045204189,0.003602658,0.013187856,0.002046527,0.016293695,0.084849848,0.006783448,0.002591173,0.028836256,0.019778572,0.005263008,0.015507063
0.015793806,0.002574855,0.022186459,0.008436324,0.107615363,0.017988397,0.011576632,0.002575514,0.001285121,0.067555839,0.029860278,0.005238021,0.004297576,0.0357402,0.011805318,0.007485994,0.007201949,0.009917838,0.016285447,0.003788141,0.023505849,0.024307237,0.041764451,0.019411256,0.008427757,0.017119128,0.003740031,0.004818215,0.010820059,0.005596537,0.039972531,0.006596954,0.057969496,0.025231206,0.001387272,0.037408221,0.022185799,0.011798069,0.043093068,0.003840205,0.01279585,0.002110893,0.017792004,0.087013887,0.007456337,0.002694141,0.029007485,0.020291729,0.00517673,0.015630365
0.015586274,0.002157257,0.024556959,0.007972726,0.123152735,0.015643947,0.012148533,0.002977818,0.001398749,0.071121591,0.027688815,0.006509733,0.003902044,0.042259608,0.015029256,0.007209838,0.007006158,0.009721893,0.016145482,0.003875032,0.021667476,0.021672586,0.040811946,0.016055687,0.007436879,0.016668918,0.004050241,0.004716034,0.010188386,0.00564683,0.039429988,0.00663749,0.057772148,0.023955409,0.001629441,0.035962316,0.020175282,0.01128636,0.043057538,0.003352326,0.013653138,0.001903204,0.017263167,0.080466785,0.009142244,0.002496724,0.026212681,0.019212364,0.005115364,0.014478809
0.012715078,0.001870216,0.021595618,0.009729616,0.110831519,0.015409088,0.012210127,0.003923731,0.001158087,0.07112227,0.027853782,0.005676663,0.003792401,0.048903013,0.01642812,0.007537046,0.007715429,0.009245734,0.015494066,0.003319053,0.021613175,0.022016293,0.042326006,0.013557132,0.00785027,0.018213358,0.003125922,0.00471873,0.010837137,0.005684388,0.039404453,0.0065138,0.058621392,0.02968818,0.001572442,0.036470258,0.017632558,0.009182527,0.04381347,0.003573285,0.013040944,0.00192359,0.017638177,0.088308168,0.007549687,0.002444694,0.026597373,0.017070721,0.005630311,0.014751036
0.015233684,0.001813802,0.024964751,0.007879273,0.119104441,0.013348118,0.012971005,0.002981023,0.001227729,0.074432008,0.029124253,0.005233149,0.003712032,0.038286133,0.016808975,0.007934152,0.007398032,0.010213013,0.017681401,0.003952653,0.022170174,0.021685414,0.039035435,0.015904185,0.006733159,0.018318835,0.002647531,0.004943982,0.010146877,0.005589858,0.039800918,0.006811958,0.057394373,0.027711486,0.001668866,0.03560272,0.019004112,0.010721693,0.041782873,0.003474929,0.013568335,0.00229645,0.018584784,0.085560365,0.006809144,0.00267286,0.026108755,0.016499405,0.005328131,0.015107041
0.013883272,0.001703021,0.022246142,0.008316739,0.114469142,0.014629064,0.012580826,0.003746646,0.001220947,0.079305414,0.031139525,0.006186233,0.003576728,0.047144076,0.016731123,0.007316454,0.006998916,0.009364692,0.016659619,0.002960104,0.021887085,0.019521309,0.039385529,0.014722865,0.00692895,0.01872631,0.00308389,0.004472448,0.011044648,0.005082152,0.037603315,0.006724434,0.050244112,0.027387497,0.001817581,0.035082229,0.02071919,0.009762961,0.042767736,0.003160776,0.013640313,0.002096676,0.018929288,0.092798106,0.007969984,0.002335022,0.024179821,0.016787249,0.005194406,0.013838678
0.012842717,0.001652048,0.025327101,0.008779179,0.105169369,0.015479376,0.013109046,0.003052294,0.0013607,0.08197613,0.031645559,0.006547663,0.003632569,0.038288456,0.015790901,0.007956787,0.006851924,0.009550727,0.016672208,0.002771438,0.023125446,0.019612322,0.039820252,0.019026397,0.007788919,0.017082194,0.002819054,0.004821366,0.010922726,0.005542069,0.03844099,0.006859188,0.058398732,0.028899947,0.001729526,0.037131134,0.029493135,0.009072948,0.042515019,0.003167703,0.014766744,0.002084631,0.016260609,0.078053828,0.006694548,0.002530127,0.02525043,0.016948222,0.005065904,0.015577838
0.015293569,0.002108992,0.023375502,0.007619746,0.120545431,0.020609985,0.011775203,0.001870716,0.001322344,0.086080824,0.028501805,0.006305851,0.003436406,0.039740466,0.01528343,0.00722938,0.007655234,0.008588902,0.015675486,0.003264881,0.021240317,0.018411429,0.03646291,0.021613784,0.005698333,0.01527498,0.003236998,0.004644682,0.011879132,0.00509166,0.03876624,0.006159675,0.052227115,0.024353952,0.001746509,0.033858779,0.029251274,0.010806892,0.040753559,0.002892259,0.01321922,0.002194331,0.016297368,0.089315287,0.007656924,0.002197711,0.022768829,0.016800957,0.004301633,0.01280604
0.011712721,0.001423803,0.021646876,0.008048685,0.115682028,0.016205858,0.012007301,0.003407467,0.002413655,0.083092139,0.027247063,0.008216564,0.0037749,0.041931716,0.015766363,0.008005131,0.006857695,0.008885704,0.017108603,0.003667204,0.023106314,0.018146759,0.042619069,0.02199768,0.005164652,0.015847135,0.003277598,0.005077545,0.011234425,0.004487593,0.037699901,0.006879868,0.051185645,0.024964068,0.002176091,0.035173006,0.025135115,0.008866699,0.043701571,0.002880865,0.011411806,0.002282995,0.016193979,0.087276442,0.009753606,0.002055725,0.025536599,0.018481725,0.004757625,0.013503957
0.015404648,0.001917399,0.03099868,0.008741315,0.110747471,0.01864075,0.010988608,0.003047591,0.001520305,0.088538108,0.029701795,0.009207356,0.00308861,0.038885587,0.015766833,0.00731003,0.00690508,0.008338984,0.01687957,0.00454695,0.018463585,0.018011508,0.0443908,0.017621395,0.010877771,0.018340529,0.002730788,0.004829716,0.011216392,0.004801789,0.037634958,0.006461731,0.053901868,0.023277592,0.001880744,0.033170045,0.022336783,0.009068591,0.040371855,0.002641769,0.015223119,0.002089328,0.016874334,0.084928475,0.007534322,0.002069255,0.023918179,0.015008426,0.004488477,0.012660769
0.013479665,0.00193669,0.022783237,0.008125786,0.117993067,0.017762598,0.010581414,0.003094972,0.001137932,0.078485956,0.028441525,0.00699379,0.003254385,0.03627986,0.015721612,0.006431607,0.006736865,0.008537036,0.016282099,0.003039856,0.02050822,0.021608843,0.039159456,0.018417206,0.007361795,0.017203807,0.002690506,0.004656026,0.012103462,0.005509899,0.037966408,0.006929346,0.056286949,0.02632592,0.001717074,0.032203824,0.02766227,0.010232912,0.039946343,0.003227251,0.01193981,0.002080839,0.019080293,0.095689763,0.00673856,0.002196159,0.028325357,0.016271075,0.004533923,0.012588482
0.013381275,0.001877049,0.018888802,0.008051213,0.105428729,0.013182573,0.011923623,0.002923646,0.000929803,0.070681706,0.03029216,0.005194307,0.003703285,0.044572901,0.020445046,0.008346233,0.007906358,0.009678748,0.016442192,0.002957774,0.021173872,0.021306593,0.043919157,0.017610892,0.006792263,0.0176071,0.003309674,0.005484017,0.009338983,0.005510561,0.040714902,0.006835492,0.062731361,0.027188014,0.002059824,0.03645419,0.021369541,0.008902142,0.043251762,0.003219424,0.012549306,0.002278245,0.017861924,0.086376871,0.008077758,0.002498182,0.026635137,0.018566481,0.005175347,0.016382278
0.013969681,0.002361006,0.020851593,0.008657813,0.099845529,0.015479553,0.011755149,0.00339741,0.00124226,0.063095546,0.031082619,0.004484486,0.003383158,0.04306025,0.01593481,0.008499463,0.006938127,0.009961038,0.015375833,0.004208956,0.022271205,0.023165094,0.044577248,0.018336987,0.006745731,0.0199197,0.003127422,0.005135307,0.009318135,0.006048989,0.039209958,0.006548585,0.062553196,0.02586972,0.001845575,0.039396811,0.020848426,0.010204898,0.043492547,0.003511422,0.01344554,0.002254911,0.016493788,0.094001604,0.006544626,0.002930276,0.025461176,0.019082818,0.005680032,0.016461326
0.01521555,0.003529524,0.020809,0.008003044,0.114320458,0.016418409,0.012512992,0.002247611,0.001295089,0.063576383,0.026640388,0.004290611,0.003639579,0.040516671,0.01663542,0.008043346,0.007231106,0.009467091,0.016158771,0.004040274,0.022738845,0.02365029,0.041068499,0.016883432,0.006785459,0.017998712,0.003465971,0.005202831,0.00993909,0.006897065,0.042540296,0.006752133,0.060478555,0.02639005,0.00193217,0.038590702,0.02060129,0.011320983,0.040725157,0.003522549,0.009891037,0.002266212,0.017348455,0.088099366,0.008664152,0.002821139,0.026872124,0.018497836,0.00578566,0.016055691
0.012877153,0.002717124,0.020214507,0.00792108,0.104570094,0.016337928,0.011951188,0.003058564,0.001057104,0.060964971,0.025555999,0.004541867,0.00315212,0.049067358,0.018304204,0.007979453,0.008558381,0.009282041,0.014176543,0.004075686,0.021553878,0.022304726,0.048896238,0.018597667,0.005772489,0.02010176,0.004064491,0.00517437,0.008954195,0.005780485,0.041327792,0.006805604,0.067289201,0.025998991,0.001872721,0.037185738,0.021800163,0.009321223,0.045043648,0.003795018,0.013929459,0.002069428,0.016880873,0.08170723,0.007650008,0.002525214,0.025765501,0.018338588,0.005608566,0.015326403
0.013023463,0.002350252,0.021264674,0.008774275,0.111558643,0.016497749,0.011915609,0.003435967,0.001357356,0.062165025,0.026477806,0.004748191,0.003215418,0.04053504,0.016805156,0.008218219,0.007502074,0.009315855,0.01631552,0.004230454,0.020893402,0.021834355,0.043656788,0.017718859,0.006893222,0.016848584,0.002799014,0.00501302,0.009974096,0.005908841,0.040926749,0.00662669,0.060892823,0.030536249,0.001913412,0.039004821,0.021872674,0.010480763,0.042472295,0.003444482,0.013328315,0.001566835,0.016886052,0.095569263,0.006764639,0.002432852,0.024973985,0.016882646,0.005547788,0.014658421
0.014812618,0.002177688,0.020035816,0.008862621,0.097664206,0.015046749,0.013009178,0.003492075,0.001074832,0.076493895,0.027009118,0.00364304,0.00346586,0.041986261,0.018650918,0.009282068,0.008004744,0.00993203,0.016006776,0.003460436,0.022180057,0.023949146,0.038913633,0.017346475,0.007065509,0.01766558,0.002536568,0.005286476,0.008117742,0.006150681,0.043986769,0.006583687,0.063155668,0.027887787,0.002178592,0.03713912,0.026456787,0.00857154,0.037825241,0.003388118,0.012000336,0.002421763,0.018705157,0.089876417,0.00727704,0.002899968,0.026159377,0.015803381,0.006146161,0.016352097
0.01402041,0.002006356,0.023776155,0.010461582,0.094182956,0.013320131,0.012783805,0.002787223,0.001074503,0.072508566,0.025634304,0.00586623,0.003054923,0.045796054,0.016785402,0.009431542,0.008607139,0.01012719,0.017254108,0.004161846,0.021475237,0.021758683,0.043812855,0.018419388,0.008019867,0.019052048,0.003214246,0.005364178,0.009686273,0.006049636,0.038748797,0.006384955,0.061112351,0.02342231,0.002451904,0.038543159,0.032958523,0.008319987,0.041518421,0.003189236,0.012280827,0.00249544,0.017542186,0.087124584,0.00657392,0.002621417,0.022583086,0.015857254,0.006243232,0.017037355
0.012437169,0.00291998,0.022587353,0.007857337,0.104803959,0.017400315,0.012229688,0.002780487,0.001503948,0.074819948,0.026511919,0.005695778,0.002921152,0.042035523,0.017246755,0.007985108,0.006792969,0.009510156,0.018056754,0.004591554,0.023218003,0.022277889,0.046397324,0.014361942,0.006322912,0.015775629,0.002507361,0.004895157,0.007703777,0.00563834,0.040082618,0.005803622,0.056466625,0.025980907,0.001956422,0.037188426,0.028074478,0.008593486,0.042786911,0.003368937,0.016407452,0.001797001,0.015554081,0.095791993,0.007170421,0.00244289,0.023414935,0.015905745,0.00518821,0.014414691
0.01298501,0.0023488,0.017717667,0.00825095,0.105984884,0.01940039,0.011989399,0.003271493,0.001382637,0.078454139,0.026282725,0.006352278,0.003668335,0.048613857,0.016974465,0.008939464,0.007516161,0.009163827,0.017074026,0.003396295,0.021896428,0.022669079,0.04205825,0.01633503,0.006214856,0.017208644,0.004194186,0.00537069,0.007608711,0.005118281,0.039492098,0.0065514,0.058588196,0.025894297,0.00218193,0.036179939,0.026659936,0.008400993,0.047410711,0.00318315,0.01158835,0.001960372,0.015499278,0.083837449,0.009726137,0.002358616,0.023821744,0.016538359,0.005289358,0.013722603
0.013559503,0.001776877,0.019427108,0.010177628,0.102076184,0.018738406,0.01114608,0.002938544,0.001267166,0.082832809,0.027168791,0.005311665,0.003265708,0.038369398,0.016102132,0.009107235,0.009277929,0.009410691,0.019154472,0.003620135,0.022782905,0.019715154,0.040727109,0.012831683,0.005587857,0.018315227,0.002902983,0.00551792,0.005907908,0.00555111,0.040090563,0.006542084,0.058409345,0.02371698,0.002113523,0.037103418,0.026435044,0.008802594,0.043253143,0.002828304,0.010686154,0.002332818,0.016929524,0.102975884,0.007221304,0.00218346,0.027328817,0.016210001,0.004865964,0.013595064
0.013220773,0.002613759,0.024891643,0.008662825,0.102901516,0.01566248,0.010288718,0.003256087,0.001486817,0.083518409,0.027118284,0.008345962,0.003167193,0.041305417,0.01700592,0.0083603,0.008165308,0.009418421,0.018002389,0.005507102,0.021163847,0.022151713,0.044965826,0.014294665,0.006851976,0.021512252,0.002755702,0.005534344,0.007444122,0.005244723,0.041445926,0.006562355,0.061429782,0.026097442,0.002322704,0.033908609,0.017682658,0.008996893,0.045893474,0.003042455,0.012158351,0.002337042,0.014286062,0.082577857,0.007791094,0.002235244,0.026298169,0.017662586,0.005118551,0.014899715
0.011928184,0.002205859,0.01975176,0.008185376,0.11052712,0.014751066,0.012580266,0.003831154,0.001431775,0.070342069,0.025721462,0.005844894,0.002731731,0.038692976,0.018761718,0.008178365,0.007474397,0.010242588,0.015699038,0.003737199,0.021625268,0.024354194,0.04109516,0.015426987,0.007230392,0.025536355,0.002641982,0.005268538,0.007372027,0.006372169,0.042665765,0.006035611,0.066860094,0.024101775,0.002001119,0.035893934,0.023016375,0.008746307,0.044150829,0.003388019,0.012907008,0.002319447,0.016597929,0.088398418,0.006286627,0.002444254,0.026307634,0.015964078,0.005617718,0.014577178
0.01209513,0.00210556,0.018534239,0.007895561,0.111286286,0.01212747,0.012013125,0.002517894,0.001188492,0.063587213,0.026882559,0.004593424,0.003185482,0.044145146,0.019473252,0.009313897,0.00805726,0.010166285,0.015889296,0.00392699,0.022900129,0.023315928,0.047703692,0.01603598,0.006036015,0.019895981,0.003132352,0.00589395,0.006515339,0.00616653,0.043850622,0.006644699,0.070181092,0.024330015,0.00191383,0.041769317,0.025764521,0.00814042,0.046131741,0.003663651,0.01025753,0.002501724,0.015064628,0.076411147,0.005911275,0.002814728,0.026717394,0.016554574,0.005771521,0.017165568
0.012716569,0.002909854,0.018150818,0.009314842,0.098762396,0.014909896,0.011879439,0.002335214,0.001599769,0.05835906,0.026045614,0.006368335,0.002846005,0.046615595,0.017273487,0.009382238,0.007987022,0.010920524,0.01562997,0.003926706,0.024916435,0.02540949,0.040807712,0.013858754,0.007032836,0.018717181,0.003187715,0.005906022,0.007372181,0.006649743,0.044104206,0.006821189,0.069695784,0.024935353,0.002209881,0.040479008,0.024538071,0.009200151,0.045673233,0.004111159,0.01097846,0.002375415,0.015270524,0.089835376,0.006147228,0.002847187,0.027657207,0.017520606,0.005921393,0.016039076
0.013412827,0.002858,0.015653472,0.008137138,0.101256669,0.014143997,0.012276985,0.003422472,0.001219766,0.063025456,0.025095449,0.006647207,0.003281067,0.04306774,0.017853879,0.009064896,0.007956645,0.010174297,0.016150115,0.004565213,0.024664334,0.027746514,0.039038259,0.014637191,0.006175856,0.019219649,0.004476691,0.005818318,0.006851843,0.005061856,0.044841632,0.006718485,0.065699515,0.024023986,0.002138327,0.037132159,0.022943326,0.009415536,0.055521769,0.004091562,0.010104169,0.00228548,0.015285587,0.084471954,0.007010493,0.002815464,0.030064184,0.017571068,0.005883847,0.017234224
0.013207676,0.002147904,0.017538822,0.009960973,0.08523479,0.015503559,0.013093931,0.002362142,0.001918205,0.058769742,0.026619652,0.006865562,0.003132958,0.045589674,0.01839688,0.010182942,0.009451881,0.010614731,0.014715074,0.003206948,0.024164747,0.025656684,0.044284367,0.014519609,0.006303463,0.020465272,0.004598392,0.006416104,0.007701533,0.007607666,0.043764232,0.006443712,0.074400299,0.025445759,0.00225944,0.041659397,0.01836375,0.008279093,0.05166123,0.003897148,0.012344098,0.002671352,0.014786855,0.078968874,0.007847303,0.003012587,0.028811729,0.017959569,0.006261499,0.0189899
0.013125497,0.002118928,0.01663624,0.007665382,0.099772712,0.015046784,0.012669881,0.003444169,0.002330093,0.065992604,0.025215976,0.005705607,0.003384876,0.042091467,0.017882424,0.010087014,0.00883875,0.010861978,0.015537768,0.003963239,0.022343928,0.029789824,0.043739175,0.015987143,0.005843957,0.018633463,0.002605751,0.006202833,0.007199363,0.006087368,0.03813967,0.005854359,0.063144481,0.029811668,0.002228151,0.039872677,0.0211716,0.008640068,0.045633416,0.00354299,0.011226055,0.002522534,0.016696573,0.09078521,0.005536051,0.003082172,0.028652863,0.017367515,0.005515247,0.018216335
0.012842176,0.001895722,0.014669237,0.008560893,0.103146028,0.011704241,0.013893866,0.002583172,0.001997039,0.057928371,0.029752953,0.003734505,0.002984255,0.044372787,0.018329219,0.00997766,0.009298583,0.011420385,0.01569497,0.003687615,0.023812913,0.022675815,0.037039425,0.017711267,0.006324376,0.01907947,0.002428266,0.006220547,0.006985032,0.006788259,0.045720893,0.006373779,0.06941658,0.023355729,0.002079098,0.040113274,0.037484049,0.007925357,0.046474493,0.004061902,0.010733772,0.002427428,0.01584234,0.077866107,0.007893538,0.00303282,0.030115518,0.016790201,0.005944227,0.01713602
0.010613529,0.002501346,0.024008175,0.010714294,0.091587181,0.018127049,0.011125653,0.003312208,0.005180512,0.066890247,0.022041477,0.004198941,0.002397024,0.04845616,0.013674417,0.007815816,0.007476771,0.008726258,0.014000422,0.006694359,0.022982742,0.020479025,0.032832827,0.020745757,0.009263277,0.018311983,0.003541004,0.004158635,0.008893409,0.005312099,0.037316282,0.005430646,0.062973448,0.026798776,0.002180083,0.035593791,0.062764805,0.011299917,0.041528263,0.003167581,0.015836718,0.002137406,0.01544077,0.08706342,0.005894166,0.002325896,0.023434407,0.012715371,0.005444872,0.012804281
0.011768707,0.002649386,0.023486659,0.007978612,0.098627471,0.014121179,0.0121113,0.003059229,0.001804324,0.087126494,0.023900308,0.003620067,0.002802919,0.046142212,0.0147112,0.008978476,0.007326416,0.010227038,0.01544841,0.005066571,0.023906652,0.022958811,0.038095081,0.013680883,0.005661668,0.018005169,0.003196266,0.00531273,0.008441747,0.00600553,0.038653381,0.005476414,0.063991311,0.027170169,0.002431142,0.038309519,0.045397389,0.007676623,0.042987818,0.003409436,0.012217884,0.002244619,0.015231434,0.077659506,0.006723706,0.002805457,0.025502882,0.013824265,0.005217566,0.015071558
0.012983895,0.002222138,0.017306176,0.00885838,0.094242774,0.018818647,0.012366052,0.003062982,0.001362929,0.078518592,0.023004503,0.006387006,0.003018382,0.045447569,0.014757408,0.008843951,0.007728946,0.010095379,0.014787579,0.005024078,0.023606606,0.023222257,0.036410789,0.015304416,0.006621813,0.019234478,0.003859226,0.005405802,0.006699207,0.005327096,0.042228487,0.004546593,0.065037536,0.024993146,0.002539586,0.035365308,0.050070245,0.00850289,0.044667066,0.003270242,0.011345495,0.002135561,0.015049933,0.08303895,0.008963322,0.002704869,0.025011511,0.014519978,0.005466144,0.0141658
0.012946886,0.001366733,0.018692695,0.008350902,0.104647444,0.017628083,0.011675326,0.002498852,0.001177493,0.075882981,0.024675332,0.006780543,0.002940412,0.043245187,0.014106672,0.009253941,0.007372609,0.009016008,0.015302977,0.003855624,0.022758586,0.021371934,0.037429658,0.019388788,0.00585205,0.017494176,0.003103091,0.005418237,0.006444116,0.003196051,0.038264084,0.004400104,0.059033991,0.022905773,0.002317359,0.037582377,0.069037145,0.007796462,0.042172828,0.003092025,0.010057381,0.002371585,0.014975404,0.081964111,0.008229168,0.002237679,0.024958638,0.014831538,0.004443264,0.013866525
0.011905276,0.002660441,0.024873943,0.007789048,0.094397248,0.019475891,0.011253899,0.002932501,0.001284441,0.086520565,0.032651219,0.008342326,0.002613353,0.037994336,0.012764622,0.007643862,0.006695573,0.008441733,0.014198173,0.003948805,0.021494111,0.020968301,0.035209637,0.013924804,0.00663279,0.019834278,0.003020136,0.005306493,0.008038873,0.00539282,0.040173439,0.005374509,0.057700432,0.02259151,0.002251041,0.032028619,0.069087746,0.008053261,0.042022929,0.003279117,0.013227648,0.002251041,0.014360363,0.081091121,0.007532683,0.002039148,0.024182019,0.01547215,0.004751908,0.012533108
0.013201868,0.002200311,0.023737675,0.008510638,0.09997535,0.015210171,0.010873119,0.003668915,0.001118319,0.07622081,0.02831863,0.006659315,0.002672548,0.040028542,0.014745719,0.007580436,0.007432538,0.008845355,0.015886092,0.003265439,0.021336274,0.024256617,0.036424494,0.01378438,0.00630384,0.020740789,0.002938505,0.005624027,0.008156461,0.006577582,0.034977945,0.005363259,0.058746757,0.026250649,0.002381941,0.031870784,0.071930462,0.009259211,0.038894655,0.003597561,0.011433576,0.00216658,0.016713804,0.08073041,0.006567203,0.002413077,0.025473534,0.015786196,0.004586144,0.012823041
0.012671748,0.001687941,0.015565629,0.009576252,0.094312764,0.011710559,0.012361354,0.002787916,0.001085909,0.062686377,0.027275251,0.004651215,0.002703519,0.04442942,0.015744738,0.00957719,0.007650124,0.010794383,0.014499413,0.003173329,0.024472331,0.023363916,0.039294328,0.017659614,0.006715192,0.01953229,0.002732589,0.005769945,0.006968383,0.00642918,0.042185396,0.004847204,0.069983908,0.02730057,0.00244095,0.041354554,0.057372176,0.008329051,0.045203997,0.003302738,0.010618086,0.002240273,0.016646849,0.075516604,0.005578645,0.002903258,0.028260821,0.014902643,0.005808392,0.015774746
0.012985564,0.003272485,0.021433856,0.008342893,0.092322349,0.014856141,0.012247772,0.002895914,0.001422375,0.061895811,0.026672083,0.005130782,0.002895914,0.043573783,0.015836454,0.00930274,0.007317555,0.009830758,0.014178722,0.004851423,0.022794833,0.024189579,0.03725803,0.012722579,0.005373302,0.018228908,0.003266345,0.005930995,0.007585657,0.006115188,0.044171385,0.005544191,0.068859307,0.025977269,0.002480458,0.040449675,0.052356691,0.008933332,0.048364832,0.003527285,0.012133163,0.002364826,0.014824419,0.080733577,0.006448781,0.002926613,0.027140751,0.015241921,0.005694615,0.01526648
0.012515231,0.002784675,0.015969492,0.00693247,0.098342989,0.016570108,0.010979684,0.003264593,0.001100651,0.066379099,0.026170387,0.004599934,0.003254056,0.041539263,0.015768329,0.008493881,0.008161482,0.009390494,0.014148485,0.003903526,0.024254546,0.025819788,0.034878842,0.01341855,0.006319401,0.018234974,0.005099969,0.005454399,0.007017725,0.006913312,0.040373474,0.005511874,0.065858948,0.024816846,0.00224345,0.035951713,0.06810623,0.010724878,0.041896568,0.003663088,0.011330283,0.00210072,0.016618004,0.074194772,0.008502502,0.002652482,0.029039359,0.016595014,0.005499421,0.015091079
0.012435709,0.00271964,0.018843079,0.008410955,0.084965296,0.017621976,0.012037141,0.003110393,0.001508306,0.064436119,0.028684189,0.00375025,0.003229572,0.045901735,0.015951508,0.008754817,0.007652894,0.010236747,0.01328755,0.003573435,0.022083396,0.024931008,0.038198043,0.011076866,0.006401508,0.018734645,0.00551743,0.005327915,0.008044624,0.006471844,0.040749659,0.005645402,0.072704449,0.025912774,0.002323026,0.039668251,0.048252114,0.008849575,0.043827815,0.003583203,0.011493018,0.002410945,0.017053431,0.085388286,0.007942051,0.00264442,0.027945666,0.01622015,0.00610649,0.015678957
0.013922022,0.002684291,0.01824054,0.008184387,0.101852192,0.015327885,0.011442646,0.004270603,0.002361116,0.067809708,0.030324439,0.004650869,0.002715895,0.042224832,0.01704367,0.008875595,0.007899952,0.010693328,0.014746782,0.00362833,0.021743474,0.024504227,0.042294157,0.01818243,0.005124927,0.017558508,0.003095142,0.0054532,0.007219959,0.006103628,0.041770144,0.00419822,0.066779013,0.027062103,0.002633317,0.039734242,0.038747385,0.008010056,0.046709526,0.00339385,0.011516049,0.002341746,0.016560437,0.07702479,0.006312622,0.002847408,0.025780616,0.014935385,0.006303446,0.015266716
0.013431098,0.002085496,0.017769552,0.007663369,0.084555065,0.01238835,0.012682384,0.003145769,0.001182949,0.063250296,0.037229309,0.003167188,0.002583016,0.041166631,0.014984023,0.009118932,0.007657527,0.010396322,0.014164234,0.006281801,0.021813972,0.023722269,0.037810561,0.018004194,0.005969269,0.018083058,0.002509021,0.005857302,0.005530166,0.006606017,0.041198761,0.004879787,0.068777541,0.024831223,0.002325006,0.040224166,0.067227537,0.008447133,0.044610328,0.003431039,0.012396139,0.002282167,0.016988708,0.079810611,0.005882616,0.002743663,0.024354149,0.014381352,0.006485288,0.016210785
0.0125932,0.002052463,0.018571678,0.010250256,0.099297217,0.014931119,0.011648383,0.003183228,0.001351892,0.068737423,0.028975718,0.004033563,0.002563067,0.043826427,0.014611489,0.008894343,0.007194678,0.009417008,0.014294875,0.003969235,0.023386223,0.021504631,0.035830665,0.014278793,0.009197891,0.018892313,0.003319925,0.005287958,0.007583662,0.005457824,0.037507212,0.006162416,0.060947711,0.025056739,0.002325857,0.039602896,0.067331255,0.008130449,0.040493436,0.00307568,0.013223413,0.002329878,0.016615707,0.083408215,0.00566689,0.002445467,0.024887878,0.013585258,0.005740264,0.014397398
0.01308717,0.003202492,0.020011629,0.007867627,0.100675656,0.013939065,0.012578964,0.003915784,0.002083535,0.079492109,0.026465067,0.003993536,0.002905005,0.041888185,0.01578709,0.009179274,0.008117787,0.009627758,0.01456221,0.004053259,0.02172894,0.024069396,0.036761044,0.012150763,0.005381809,0.017152825,0.00325658,0.005811136,0.00649175,0.006018476,0.039193901,0.006273143,0.064926518,0.031204574,0.002689777,0.038265381,0.048765317,0.007407875,0.044749243,0.003301654,0.012672492,0.002480184,0.017368052,0.074811197,0.006554854,0.002857677,0.026965386,0.014410086,0.00572775,0.015298039
0.012352481,0.002495539,0.01248967,0.008489404,0.096599774,0.017966354,0.013575207,0.003160798,0.001399113,0.077534817,0.026196623,0.004702544,0.002656682,0.046027009,0.015820321,0.009335405,0.007634693,0.009557521,0.013476126,0.00357781,0.022826775,0.022226844,0.037070508,0.021804388,0.007423465,0.01727823,0.00366818,0.005689001,0.005914383,0.006220337,0.041959237,0.005451641,0.067504755,0.02685426,0.002369237,0.037338353,0.04680877,0.008853065,0.047178963,0.003312142,0.011055715,0.002466141,0.017256454,0.071597569,0.008199782,0.002600064,0.02584385,0.01511151,0.006034151,0.015155062
0.012836183,0.002475738,0.016813166,0.007216512,0.109815256,0.016169357,0.012140674,0.003774086,0.001356876,0.079398214,0.024140881,0.004600307,0.002756672,0.043383937,0.015586027,0.009771263,0.007133597,0.009490328,0.015368498,0.003624839,0.02238699,0.021144243,0.037000475,0.0197503,0.004503736,0.014224274,0.003210265,0.006004005,0.006350296,0.002605475,0.037553565,0.005554315,0.058711465,0.027874972,0.002616205,0.035275848,0.049207481,0.008102237,0.04180563,0.003020049,0.010442384,0.002705948,0.019200136,0.090465874,0.006511249,0.002513781,0.02570163,0.015067078,0.005265576,0.015641629
0.014156685,0.001949389,0.022573623,0.007296253,0.096505484,0.016256358,0.010556327,0.003503747,0.001310685,0.080588338,0.030899317,0.006022066,0.002602048,0.037755455,0.015404037,0.008932194,0.006940941,0.00952796,0.015174318,0.003202107,0.020811014,0.019672082,0.036560703,0.016083532,0.007795409,0.019158972,0.003135553,0.00576229,0.006998907,0.006429978,0.036334204,0.005397317,0.058940031,0.025802566,0.002802783,0.03885467,0.058310988,0.008148574,0.043464073,0.002912275,0.012819164,0.002436736,0.018699534,0.079919577,0.007068682,0.00226391,0.02646918,0.015186126,0.00533291,0.013581315
0.013907142,0.001670844,0.020228931,0.009585001,0.095668223,0.014000519,0.012463779,0.002974142,0.001117538,0.074365462,0.026314299,0.004698627,0.00272282,0.039846942,0.016951813,0.009310832,0.00761416,0.010034003,0.014252834,0.003450958,0.021899775,0.024299751,0.034915867,0.015270042,0.007144298,0.020397804,0.003096326,0.005609545,0.006412186,0.005222132,0.040075416,0.005437693,0.065688399,0.02524941,0.002575801,0.037485708,0.060752357,0.008858849,0.044877354,0.003491686,0.011406837,0.002271831,0.017757434,0.077948538,0.00554895,0.002335406,0.027045418,0.014438594,0.00613305,0.013188937
0.0134919,0.001839091,0.020831732,0.007754764,0.096415468,0.01207766,0.012427294,0.003350865,0.000998482,0.06685942,0.030768608,0.003621149,0.002867328,0.042947108,0.015721953,0.008824329,0.006799263,0.009855047,0.014322591,0.003498818,0.02264272,0.022552625,0.034936111,0.016679106,0.005474291,0.018466951,0.002897084,0.005538763,0.007433233,0.004959346,0.038855647,0.005326337,0.065276562,0.024699195,0.002172193,0.042660292,0.055930675,0.008545779,0.044270427,0.003516176,0.013269556,0.002544144,0.016913849,0.083673255,0.005937163,0.002510256,0.02887827,0.015002021,0.005825578,0.015554988
0.013151432,0.003012978,0.020179235,0.00795151,0.100436645,0.012657486,0.011657501,0.003717154,0.001132076,0.063337662,0.028607016,0.004686442,0.003107861,0.044757473,0.016623008,0.009082656,0.007564539,0.009362651,0.014445366,0.004117148,0.021515959,0.024657307,0.034909248,0.020645274,0.010082641,0.018952276,0.003882733,0.00603898,0.009470557,0.006108746,0.037843158,0.005238062,0.063729284,0.025882405,0.002852981,0.036912939,0.046794652,0.009279862,0.045156537,0.003653899,0.010145896,0.002660426,0.016784866,0.076840717,0.007517097,0.002989723,0.029203286,0.015985809,0.005896656,0.016996956
0.013682142,0.00286444,0.01635052,0.008822792,0.093426646,0.016323265,0.011923738,0.003347122,0.000983827,0.061151139,0.028171392,0.003514171,0.003004233,0.045774775,0.015560997,0.008702342,0.006803265,0.010168851,0.013226715,0.003784965,0.02260868,0.023599541,0.034027756,0.019444432,0.008051732,0.018706782,0.004636032,0.005534577,0.006386524,0.006899978,0.039407594,0.005632168,0.061999569,0.025518839,0.002576062,0.040908392,0.048879237,0.009815412,0.046976644,0.003483398,0.013790284,0.002539135,0.018133542,0.080675579,0.007519815,0.002729043,0.032008229,0.016455145,0.006014621,0.015565393
0.013559729,0.002628399,0.019856956,0.007986703,0.087505295,0.015747947,0.01216208,0.003380904,0.001323472,0.06299374,0.027386885,0.005459809,0.002725024,0.044767699,0.016322818,0.009162797,0.007509433,0.01024617,0.015349734,0.003789853,0.02226868,0.023704393,0.03859833,0.015790891,0.005771157,0.019883308,0.004434997,0.005585714,0.008067712,0.005385632,0.039168321,0.005360256,0.066219458,0.024670645,0.002436125,0.041928482,0.047441971,0.009790372,0.046047251,0.003667852,0.013638786,0.002644015,0.01950364,0.076510524,0.008463972,0.002832386,0.028412673,0.016822536,0.006802801,0.016406755
0.013839291,0.002377129,0.017466521,0.008866023,0.108767469,0.016576915,0.010801256,0.003348137,0.001099895,0.064425724,0.027381078,0.004049744,0.002878138,0.046070566,0.016742626,0.008896064,0.00802487,0.009624805,0.014708547,0.003701848,0.020449319,0.023045458,0.034489208,0.016418956,0.007242831,0.020712906,0.003811353,0.005790194,0.006516028,0.006080915,0.034832259,0.006171039,0.062385831,0.026673657,0.002661067,0.039071941,0.042183625,0.009773073,0.042707892,0.003247354,0.011638533,0.002276346,0.021229421,0.083218902,0.007990953,0.002600015,0.028824024,0.014268589,0.00649277,0.015417907
0.01379941,0.002114002,0.01967878,0.009490829,0.080658917,0.01314846,0.011873721,0.002781248,0.001197784,0.0635441,0.03080649,0.003121662,0.002731454,0.043809188,0.015893494,0.009867456,0.007337896,0.010553715,0.015087729,0.004020678,0.02161986,0.021969327,0.037248085,0.014996288,0.00592826,0.019650714,0.003008492,0.006088507,0.005758958,0.005081753,0.038490231,0.005074511,0.065207236,0.025213211,0.002548572,0.040964564,0.060652398,0.007234686,0.045677839,0.002993101,0.01256179,0.002801166,0.019346515,0.095388125,0.007122422,0.002621001,0.023809912,0.014626904,0.007005631,0.015528636
0.012568648,0.002277137,0.019591013,0.009048396,0.101193659,0.014832418,0.011711261,0.003944172,0.001274624,0.067360278,0.029368856,0.003347439,0.002812765,0.042661223,0.014924076,0.00953724,0.007228596,0.00964322,0.014699704,0.003764675,0.022585185,0.02252026,0.034149411,0.016838399,0.007570405,0.017949756,0.003247187,0.005615982,0.007864476,0.005130957,0.038706548,0.005261761,0.062325754,0.025354985,0.002903469,0.040420368,0.065942439,0.008667441,0.043165344,0.00308774,0.012629754,0.00272588,0.017649957,0.073956814,0.006704425,0.002695328,0.024956844,0.01446292,0.006012213,0.014965132
0.013461822,0.00217719,0.018166682,0.009270129,0.091795469,0.015992504,0.011951447,0.003217581,0.001251282,0.073064405,0.027418734,0.004490956,0.003059916,0.044985885,0.015620936,0.009591486,0.007866203,0.009412731,0.013933815,0.003898455,0.021628293,0.023716106,0.035397412,0.01742957,0.006329718,0.018077304,0.003446548,0.005774374,0.006605883,0.007008583,0.038454316,0.005143712,0.064118645,0.025670355,0.002891204,0.038618007,0.051998486,0.008321123,0.045213848,0.003301937,0.011723485,0.002544741,0.020728495,0.080177429,0.007365088,0.002834966,0.025746677,0.014839638,0.006179082,0.016126068
0.012248754,0.002152283,0.01981484,0.007219072,0.104335555,0.017139029,0.011843571,0.003726879,0.001252657,0.078156138,0.028090998,0.00403578,0.00287439,0.042268381,0.016254447,0.009378375,0.00751293,0.009282094,0.013666894,0.003734902,0.023556762,0.022204816,0.034803592,0.019223112,0.005055758,0.016028788,0.003305649,0.005604359,0.008025426,0.005240296,0.039478237,0.00510791,0.061798389,0.025261739,0.003266535,0.038655836,0.047096475,0.007972271,0.044186982,0.003019815,0.011804457,0.002860349,0.017316547,0.081807797,0.007947198,0.002445137,0.024194624,0.015136183,0.005926299,0.014802208
0.014836511,0.002498156,0.02015867,0.008039372,0.103561675,0.015390541,0.011761506,0.003185446,0.001117188,0.081145811,0.032489723,0.004733445,0.003109689,0.041544056,0.016728611,0.010074771,0.008404466,0.009564552,0.015701784,0.003249337,0.021649166,0.02068258,0.034492264,0.018916437,0.005710984,0.014660353,0.003128856,0.006392797,0.006449387,0.004313587,0.037149236,0.005478237,0.056470015,0.027925134,0.004184891,0.037584611,0.046952925,0.007934407,0.042238647,0.002819439,0.011442961,0.002931706,0.0186271,0.07982052,0.008593402,0.002474425,0.025636907,0.015237202,0.005628838,0.015180612
